0,1,2,3,4,5,6,7,8,9,10
227.0,184.0,310.0,359.0,368.0,369.0,347.0,221.0,189.0,304.0,290.0
184.0,310.0,359.0,368.0,369.0,347.0,221.0,189.0,304.0,290.0,267.0
310.0,359.0,368.0,369.0,347.0,221.0,189.0,304.0,290.0,267.0,323.0
359.0,368.0,369.0,347.0,221.0,189.0,304.0,290.0,267.0,323.0,327.0
368.0,369.0,347.0,221.0,189.0,304.0,290.0,267.0,323.0,327.0,287.0
369.0,347.0,221.0,189.0,304.0,290.0,267.0,323.0,327.0,287.0,277.0
347.0,221.0,189.0,304.0,290.0,267.0,323.0,327.0,287.0,277.0,230.0
221.0,189.0,304.0,290.0,267.0,323.0,327.0,287.0,277.0,230.0,157.0
189.0,304.0,290.0,267.0,323.0,327.0,287.0,277.0,230.0,157.0,380.0
304.0,290.0,267.0,323.0,327.0,287.0,277.0,230.0,157.0,380.0,443.0
290.0,267.0,323.0,327.0,287.0,277.0,230.0,157.0,380.0,443.0,355.0
267.0,323.0,327.0,287.0,277.0,230.0,157.0,380.0,443.0,355.0,226.0
323.0,327.0,287.0,277.0,230.0,157.0,380.0,443.0,355.0,226.0,227.0
327.0,287.0,277.0,230.0,157.0,380.0,443.0,355.0,226.0,227.0,326.0
287.0,277.0,230.0,157.0,380.0,443.0,355.0,226.0,227.0,326.0,457.0
277.0,230.0,157.0,380.0,443.0,355.0,226.0,227.0,326.0,457.0,116.0
230.0,157.0,380.0,443.0,355.0,226.0,227.0,326.0,457.0,116.0,99.0
157.0,380.0,443.0,355.0,226.0,227.0,326.0,457.0,116.0,99.0,268.0
380.0,443.0,355.0,226.0,227.0,326.0,457.0,116.0,99.0,268.0,253.0
443.0,355.0,226.0,227.0,326.0,457.0,116.0,99.0,268.0,253.0,252.0
355.0,226.0,227.0,326.0,457.0,116.0,99.0,268.0,253.0,252.0,345.0
226.0,227.0,326.0,457.0,116.0,99.0,268.0,253.0,252.0,345.0,313.0
227.0,326.0,457.0,116.0,99.0,268.0,253.0,252.0,345.0,313.0,351.0
326.0,457.0,116.0,99.0,268.0,253.0,252.0,345.0,313.0,351.0,357.0
457.0,116.0,99.0,268.0,253.0,252.0,345.0,313.0,351.0,357.0,393.0
116.0,99.0,268.0,253.0,252.0,345.0,313.0,351.0,357.0,393.0,231.0
99.0,268.0,253.0,252.0,345.0,313.0,351.0,357.0,393.0,231.0,373.0
268.0,253.0,252.0,345.0,313.0,351.0,357.0,393.0,231.0,373.0,394.0
253.0,252.0,345.0,313.0,351.0,357.0,393.0,231.0,373.0,394.0,352.0
252.0,345.0,313.0,351.0,357.0,393.0,231.0,373.0,394.0,352.0,369.0
345.0,313.0,351.0,357.0,393.0,231.0,373.0,394.0,352.0,369.0,354.0
313.0,351.0,357.0,393.0,231.0,373.0,394.0,352.0,369.0,354.0,402.0
351.0,357.0,393.0,231.0,373.0,394.0,352.0,369.0,354.0,402.0,339.0
357.0,393.0,231.0,373.0,394.0,352.0,369.0,354.0,402.0,339.0,365.0
393.0,231.0,373.0,394.0,352.0,369.0,354.0,402.0,339.0,365.0,440.0
231.0,373.0,394.0,352.0,369.0,354.0,402.0,339.0,365.0,440.0,417.0
373.0,394.0,352.0,369.0,354.0,402.0,339.0,365.0,440.0,417.0,486.0
394.0,352.0,369.0,354.0,402.0,339.0,365.0,440.0,417.0,486.0,569.0
352.0,369.0,354.0,402.0,339.0,365.0,440.0,417.0,486.0,569.0,673.0
369.0,354.0,402.0,339.0,365.0,440.0,417.0,486.0,569.0,673.0,376.0
354.0,402.0,339.0,365.0,440.0,417.0,486.0,569.0,673.0,376.0,417.0
402.0,339.0,365.0,440.0,417.0,486.0,569.0,673.0,376.0,417.0,255.0
339.0,365.0,440.0,417.0,486.0,569.0,673.0,376.0,417.0,255.0,334.0
365.0,440.0,417.0,486.0,569.0,673.0,376.0,417.0,255.0,334.0,441.0
440.0,417.0,486.0,569.0,673.0,376.0,417.0,255.0,334.0,441.0,416.0
417.0,486.0,569.0,673.0,376.0,417.0,255.0,334.0,441.0,416.0,336.0
486.0,569.0,673.0,376.0,417.0,255.0,334.0,441.0,416.0,336.0,453.0
569.0,673.0,376.0,417.0,255.0,334.0,441.0,416.0,336.0,453.0,552.0
673.0,376.0,417.0,255.0,334.0,441.0,416.0,336.0,453.0,552.0,333.0
376.0,417.0,255.0,334.0,441.0,416.0,336.0,453.0,552.0,333.0,426.0
417.0,255.0,334.0,441.0,416.0,336.0,453.0,552.0,333.0,426.0,491.0
255.0,334.0,441.0,416.0,336.0,453.0,552.0,333.0,426.0,491.0,388.0
334.0,441.0,416.0,336.0,453.0,552.0,333.0,426.0,491.0,388.0,447.0
441.0,416.0,336.0,453.0,552.0,333.0,426.0,491.0,388.0,447.0,478.0
416.0,336.0,453.0,552.0,333.0,426.0,491.0,388.0,447.0,478.0,139.0
336.0,453.0,552.0,333.0,426.0,491.0,388.0,447.0,478.0,139.0,431.0
453.0,552.0,333.0,426.0,491.0,388.0,447.0,478.0,139.0,431.0,491.0
552.0,333.0,426.0,491.0,388.0,447.0,478.0,139.0,431.0,491.0,435.0
333.0,426.0,491.0,388.0,447.0,478.0,139.0,431.0,491.0,435.0,143.0
426.0,491.0,388.0,447.0,478.0,139.0,431.0,491.0,435.0,143.0,455.0
491.0,388.0,447.0,478.0,139.0,431.0,491.0,435.0,143.0,455.0,490.0
388.0,447.0,478.0,139.0,431.0,491.0,435.0,143.0,455.0,490.0,556.0
447.0,478.0,139.0,431.0,491.0,435.0,143.0,455.0,490.0,556.0,471.0
478.0,139.0,431.0,491.0,435.0,143.0,455.0,490.0,556.0,471.0,473.0
139.0,431.0,491.0,435.0,143.0,455.0,490.0,556.0,471.0,473.0,504.0
431.0,491.0,435.0,143.0,455.0,490.0,556.0,471.0,473.0,504.0,631.0
491.0,435.0,143.0,455.0,490.0,556.0,471.0,473.0,504.0,631.0,745.0
435.0,143.0,455.0,490.0,556.0,471.0,473.0,504.0,631.0,745.0,717.0
143.0,455.0,490.0,556.0,471.0,473.0,504.0,631.0,745.0,717.0,568.0
455.0,490.0,556.0,471.0,473.0,504.0,631.0,745.0,717.0,568.0,478.0
490.0,556.0,471.0,473.0,504.0,631.0,745.0,717.0,568.0,478.0,622.0
556.0,471.0,473.0,504.0,631.0,745.0,717.0,568.0,478.0,622.0,488.0
471.0,473.0,504.0,631.0,745.0,717.0,568.0,478.0,622.0,488.0,429.0
473.0,504.0,631.0,745.0,717.0,568.0,478.0,622.0,488.0,429.0,508.0
504.0,631.0,745.0,717.0,568.0,478.0,622.0,488.0,429.0,508.0,574.0
631.0,745.0,717.0,568.0,478.0,622.0,488.0,429.0,508.0,574.0,389.0
745.0,717.0,568.0,478.0,622.0,488.0,429.0,508.0,574.0,389.0,466.0
717.0,568.0,478.0,622.0,488.0,429.0,508.0,574.0,389.0,466.0,558.0
568.0,478.0,622.0,488.0,429.0,508.0,574.0,389.0,466.0,558.0,353.0
478.0,622.0,488.0,429.0,508.0,574.0,389.0,466.0,558.0,353.0,388.0
622.0,488.0,429.0,508.0,574.0,389.0,466.0,558.0,353.0,388.0,512.0
488.0,429.0,508.0,574.0,389.0,466.0,558.0,353.0,388.0,512.0,518.0
429.0,508.0,574.0,389.0,466.0,558.0,353.0,388.0,512.0,518.0,747.0
508.0,574.0,389.0,466.0,558.0,353.0,388.0,512.0,518.0,747.0,716.0
574.0,389.0,466.0,558.0,353.0,388.0,512.0,518.0,747.0,716.0,413.0
389.0,466.0,558.0,353.0,388.0,512.0,518.0,747.0,716.0,413.0,646.0
466.0,558.0,353.0,388.0,512.0,518.0,747.0,716.0,413.0,646.0,722.0
558.0,353.0,388.0,512.0,518.0,747.0,716.0,413.0,646.0,722.0,338.0
353.0,388.0,512.0,518.0,747.0,716.0,413.0,646.0,722.0,338.0,565.0
388.0,512.0,518.0,747.0,716.0,413.0,646.0,722.0,338.0,565.0,666.0
512.0,518.0,747.0,716.0,413.0,646.0,722.0,338.0,565.0,666.0,770.0
518.0,747.0,716.0,413.0,646.0,722.0,338.0,565.0,666.0,770.0,468.0
747.0,716.0,413.0,646.0,722.0,338.0,565.0,666.0,770.0,468.0,497.0
716.0,413.0,646.0,722.0,338.0,565.0,666.0,770.0,468.0,497.0,751.0
413.0,646.0,722.0,338.0,565.0,666.0,770.0,468.0,497.0,751.0,719.0
646.0,722.0,338.0,565.0,666.0,770.0,468.0,497.0,751.0,719.0,183.0
722.0,338.0,565.0,666.0,770.0,468.0,497.0,751.0,719.0,183.0,861.0
338.0,565.0,666.0,770.0,468.0,497.0,751.0,719.0,183.0,861.0,789.0
565.0,666.0,770.0,468.0,497.0,751.0,719.0,183.0,861.0,789.0,737.0
666.0,770.0,468.0,497.0,751.0,719.0,183.0,861.0,789.0,737.0,907.0
770.0,468.0,497.0,751.0,719.0,183.0,861.0,789.0,737.0,907.0,963.0
468.0,497.0,751.0,719.0,183.0,861.0,789.0,737.0,907.0,963.0,387.0
497.0,751.0,719.0,183.0,861.0,789.0,737.0,907.0,963.0,387.0,928.0
751.0,719.0,183.0,861.0,789.0,737.0,907.0,963.0,387.0,928.0,964.0
719.0,183.0,861.0,789.0,737.0,907.0,963.0,387.0,928.0,964.0,937.0
183.0,861.0,789.0,737.0,907.0,963.0,387.0,928.0,964.0,937.0,1012.0
861.0,789.0,737.0,907.0,963.0,387.0,928.0,964.0,937.0,1012.0,891.0
789.0,737.0,907.0,963.0,387.0,928.0,964.0,937.0,1012.0,891.0,933.0
737.0,907.0,963.0,387.0,928.0,964.0,937.0,1012.0,891.0,933.0,1057.0
907.0,963.0,387.0,928.0,964.0,937.0,1012.0,891.0,933.0,1057.0,1222.0
963.0,387.0,928.0,964.0,937.0,1012.0,891.0,933.0,1057.0,1222.0,771.0
387.0,928.0,964.0,937.0,1012.0,891.0,933.0,1057.0,1222.0,771.0,1012.0
928.0,964.0,937.0,1012.0,891.0,933.0,1057.0,1222.0,771.0,1012.0,1024.0
964.0,937.0,1012.0,891.0,933.0,1057.0,1222.0,771.0,1012.0,1024.0,606.0
937.0,1012.0,891.0,933.0,1057.0,1222.0,771.0,1012.0,1024.0,606.0,1020.0
1012.0,891.0,933.0,1057.0,1222.0,771.0,1012.0,1024.0,606.0,1020.0,1060.0
891.0,933.0,1057.0,1222.0,771.0,1012.0,1024.0,606.0,1020.0,1060.0,1084.0
933.0,1057.0,1222.0,771.0,1012.0,1024.0,606.0,1020.0,1060.0,1084.0,997.0
1057.0,1222.0,771.0,1012.0,1024.0,606.0,1020.0,1060.0,1084.0,997.0,1003.0
1222.0,771.0,1012.0,1024.0,606.0,1020.0,1060.0,1084.0,997.0,1003.0,1105.0
771.0,1012.0,1024.0,606.0,1020.0,1060.0,1084.0,997.0,1003.0,1105.0,962.0
1012.0,1024.0,606.0,1020.0,1060.0,1084.0,997.0,1003.0,1105.0,962.0,1119.0
1024.0,606.0,1020.0,1060.0,1084.0,997.0,1003.0,1105.0,962.0,1119.0,944.0
606.0,1020.0,1060.0,1084.0,997.0,1003.0,1105.0,962.0,1119.0,944.0,784.0
1020.0,1060.0,1084.0,997.0,1003.0,1105.0,962.0,1119.0,944.0,784.0,1047.0
1060.0,1084.0,997.0,1003.0,1105.0,962.0,1119.0,944.0,784.0,1047.0,910.0
1084.0,997.0,1003.0,1105.0,962.0,1119.0,944.0,784.0,1047.0,910.0,948.0
997.0,1003.0,1105.0,962.0,1119.0,944.0,784.0,1047.0,910.0,948.0,887.0
1003.0,1105.0,962.0,1119.0,944.0,784.0,1047.0,910.0,948.0,887.0,1052.0
1105.0,962.0,1119.0,944.0,784.0,1047.0,910.0,948.0,887.0,1052.0,1131.0
962.0,1119.0,944.0,784.0,1047.0,910.0,948.0,887.0,1052.0,1131.0,1335.0
1119.0,944.0,784.0,1047.0,910.0,948.0,887.0,1052.0,1131.0,1335.0,1072.0
944.0,784.0,1047.0,910.0,948.0,887.0,1052.0,1131.0,1335.0,1072.0,983.0
784.0,1047.0,910.0,948.0,887.0,1052.0,1131.0,1335.0,1072.0,983.0,1033.0
1047.0,910.0,948.0,887.0,1052.0,1131.0,1335.0,1072.0,983.0,1033.0,1145.0
910.0,948.0,887.0,1052.0,1131.0,1335.0,1072.0,983.0,1033.0,1145.0,1076.0
948.0,887.0,1052.0,1131.0,1335.0,1072.0,983.0,1033.0,1145.0,1076.0,1076.0
887.0,1052.0,1131.0,1335.0,1072.0,983.0,1033.0,1145.0,1076.0,1076.0,1094.0
1052.0,1131.0,1335.0,1072.0,983.0,1033.0,1145.0,1076.0,1076.0,1094.0,1101.0
1131.0,1335.0,1072.0,983.0,1033.0,1145.0,1076.0,1076.0,1094.0,1101.0,943.0
1335.0,1072.0,983.0,1033.0,1145.0,1076.0,1076.0,1094.0,1101.0,943.0,916.0
1072.0,983.0,1033.0,1145.0,1076.0,1076.0,1094.0,1101.0,943.0,916.0,914.0
983.0,1033.0,1145.0,1076.0,1076.0,1094.0,1101.0,943.0,916.0,914.0,1143.0
1033.0,1145.0,1076.0,1076.0,1094.0,1101.0,943.0,916.0,914.0,1143.0,1222.0
1145.0,1076.0,1076.0,1094.0,1101.0,943.0,916.0,914.0,1143.0,1222.0,1229.0
1076.0,1076.0,1094.0,1101.0,943.0,916.0,914.0,1143.0,1222.0,1229.0,1128.0
1076.0,1094.0,1101.0,943.0,916.0,914.0,1143.0,1222.0,1229.0,1128.0,1046.0
1094.0,1101.0,943.0,916.0,914.0,1143.0,1222.0,1229.0,1128.0,1046.0,1112.0
1101.0,943.0,916.0,914.0,1143.0,1222.0,1229.0,1128.0,1046.0,1112.0,1012.0
943.0,916.0,914.0,1143.0,1222.0,1229.0,1128.0,1046.0,1112.0,1012.0,900.0
916.0,914.0,1143.0,1222.0,1229.0,1128.0,1046.0,1112.0,1012.0,900.0,1055.0
914.0,1143.0,1222.0,1229.0,1128.0,1046.0,1112.0,1012.0,900.0,1055.0,1142.0
1143.0,1222.0,1229.0,1128.0,1046.0,1112.0,1012.0,900.0,1055.0,1142.0,1026.0
1222.0,1229.0,1128.0,1046.0,1112.0,1012.0,900.0,1055.0,1142.0,1026.0,1155.0
1229.0,1128.0,1046.0,1112.0,1012.0,900.0,1055.0,1142.0,1026.0,1155.0,1125.0
1128.0,1046.0,1112.0,1012.0,900.0,1055.0,1142.0,1026.0,1155.0,1125.0,1191.0
1046.0,1112.0,1012.0,900.0,1055.0,1142.0,1026.0,1155.0,1125.0,1191.0,866.0
1112.0,1012.0,900.0,1055.0,1142.0,1026.0,1155.0,1125.0,1191.0,866.0,1114.0
1012.0,900.0,1055.0,1142.0,1026.0,1155.0,1125.0,1191.0,866.0,1114.0,1177.0
900.0,1055.0,1142.0,1026.0,1155.0,1125.0,1191.0,866.0,1114.0,1177.0,1091.0
1055.0,1142.0,1026.0,1155.0,1125.0,1191.0,866.0,1114.0,1177.0,1091.0,922.0
1142.0,1026.0,1155.0,1125.0,1191.0,866.0,1114.0,1177.0,1091.0,922.0,1112.0
1026.0,1155.0,1125.0,1191.0,866.0,1114.0,1177.0,1091.0,922.0,1112.0,1037.0
1155.0,1125.0,1191.0,866.0,1114.0,1177.0,1091.0,922.0,1112.0,1037.0,1102.0
1125.0,1191.0,866.0,1114.0,1177.0,1091.0,922.0,1112.0,1037.0,1102.0,1148.0
1191.0,866.0,1114.0,1177.0,1091.0,922.0,1112.0,1037.0,1102.0,1148.0,1196.0
866.0,1114.0,1177.0,1091.0,922.0,1112.0,1037.0,1102.0,1148.0,1196.0,1220.0
1114.0,1177.0,1091.0,922.0,1112.0,1037.0,1102.0,1148.0,1196.0,1220.0,1083.0
1177.0,1091.0,922.0,1112.0,1037.0,1102.0,1148.0,1196.0,1220.0,1083.0,1069.0
1091.0,922.0,1112.0,1037.0,1102.0,1148.0,1196.0,1220.0,1083.0,1069.0,1202.0
922.0,1112.0,1037.0,1102.0,1148.0,1196.0,1220.0,1083.0,1069.0,1202.0,1268.0
1112.0,1037.0,1102.0,1148.0,1196.0,1220.0,1083.0,1069.0,1202.0,1268.0,1233.0
1037.0,1102.0,1148.0,1196.0,1220.0,1083.0,1069.0,1202.0,1268.0,1233.0,1177.0
1102.0,1148.0,1196.0,1220.0,1083.0,1069.0,1202.0,1268.0,1233.0,1177.0,1069.0
1148.0,1196.0,1220.0,1083.0,1069.0,1202.0,1268.0,1233.0,1177.0,1069.0,1390.0
1196.0,1220.0,1083.0,1069.0,1202.0,1268.0,1233.0,1177.0,1069.0,1390.0,1073.0
1220.0,1083.0,1069.0,1202.0,1268.0,1233.0,1177.0,1069.0,1390.0,1073.0,1065.0
1083.0,1069.0,1202.0,1268.0,1233.0,1177.0,1069.0,1390.0,1073.0,1065.0,1056.0
1069.0,1202.0,1268.0,1233.0,1177.0,1069.0,1390.0,1073.0,1065.0,1056.0,929.0
1202.0,1268.0,1233.0,1177.0,1069.0,1390.0,1073.0,1065.0,1056.0,929.0,1227.0
1268.0,1233.0,1177.0,1069.0,1390.0,1073.0,1065.0,1056.0,929.0,1227.0,1123.0
1233.0,1177.0,1069.0,1390.0,1073.0,1065.0,1056.0,929.0,1227.0,1123.0,940.0
1177.0,1069.0,1390.0,1073.0,1065.0,1056.0,929.0,1227.0,1123.0,940.0,979.0
1069.0,1390.0,1073.0,1065.0,1056.0,929.0,1227.0,1123.0,940.0,979.0,999.0
1390.0,1073.0,1065.0,1056.0,929.0,1227.0,1123.0,940.0,979.0,999.0,1169.0
1073.0,1065.0,1056.0,929.0,1227.0,1123.0,940.0,979.0,999.0,1169.0,1274.0
1065.0,1056.0,929.0,1227.0,1123.0,940.0,979.0,999.0,1169.0,1274.0,1362.0
1056.0,929.0,1227.0,1123.0,940.0,979.0,999.0,1169.0,1274.0,1362.0,1219.0
929.0,1227.0,1123.0,940.0,979.0,999.0,1169.0,1274.0,1362.0,1219.0,1025.0
1227.0,1123.0,940.0,979.0,999.0,1169.0,1274.0,1362.0,1219.0,1025.0,1044.0
1123.0,940.0,979.0,999.0,1169.0,1274.0,1362.0,1219.0,1025.0,1044.0,996.0
940.0,979.0,999.0,1169.0,1274.0,1362.0,1219.0,1025.0,1044.0,996.0,870.0
979.0,999.0,1169.0,1274.0,1362.0,1219.0,1025.0,1044.0,996.0,870.0,779.0
999.0,1169.0,1274.0,1362.0,1219.0,1025.0,1044.0,996.0,870.0,779.0,756.0
1169.0,1274.0,1362.0,1219.0,1025.0,1044.0,996.0,870.0,779.0,756.0,829.0
1274.0,1362.0,1219.0,1025.0,1044.0,996.0,870.0,779.0,756.0,829.0,883.0
1362.0,1219.0,1025.0,1044.0,996.0,870.0,779.0,756.0,829.0,883.0,1056.0
1219.0,1025.0,1044.0,996.0,870.0,779.0,756.0,829.0,883.0,1056.0,1071.0
1025.0,1044.0,996.0,870.0,779.0,756.0,829.0,883.0,1056.0,1071.0,1010.0
1044.0,996.0,870.0,779.0,756.0,829.0,883.0,1056.0,1071.0,1010.0,885.0
996.0,870.0,779.0,756.0,829.0,883.0,1056.0,1071.0,1010.0,885.0,1029.0
870.0,779.0,756.0,829.0,883.0,1056.0,1071.0,1010.0,885.0,1029.0,989.0
779.0,756.0,829.0,883.0,1056.0,1071.0,1010.0,885.0,1029.0,989.0,981.0
756.0,829.0,883.0,1056.0,1071.0,1010.0,885.0,1029.0,989.0,981.0,1114.0
829.0,883.0,1056.0,1071.0,1010.0,885.0,1029.0,989.0,981.0,1114.0,822.0
883.0,1056.0,1071.0,1010.0,885.0,1029.0,989.0,981.0,1114.0,822.0,1052.0
1056.0,1071.0,1010.0,885.0,1029.0,989.0,981.0,1114.0,822.0,1052.0,1119.0
1071.0,1010.0,885.0,1029.0,989.0,981.0,1114.0,822.0,1052.0,1119.0,988.0
1010.0,885.0,1029.0,989.0,981.0,1114.0,822.0,1052.0,1119.0,988.0,871.0
885.0,1029.0,989.0,981.0,1114.0,822.0,1052.0,1119.0,988.0,871.0,995.0
1029.0,989.0,981.0,1114.0,822.0,1052.0,1119.0,988.0,871.0,995.0,1058.0
989.0,981.0,1114.0,822.0,1052.0,1119.0,988.0,871.0,995.0,1058.0,1099.0
981.0,1114.0,822.0,1052.0,1119.0,988.0,871.0,995.0,1058.0,1099.0,1102.0
1114.0,822.0,1052.0,1119.0,988.0,871.0,995.0,1058.0,1099.0,1102.0,1128.0
822.0,1052.0,1119.0,988.0,871.0,995.0,1058.0,1099.0,1102.0,1128.0,955.0
1052.0,1119.0,988.0,871.0,995.0,1058.0,1099.0,1102.0,1128.0,955.0,879.0
1119.0,988.0,871.0,995.0,1058.0,1099.0,1102.0,1128.0,955.0,879.0,998.0
988.0,871.0,995.0,1058.0,1099.0,1102.0,1128.0,955.0,879.0,998.0,1087.0
871.0,995.0,1058.0,1099.0,1102.0,1128.0,955.0,879.0,998.0,1087.0,1080.0
995.0,1058.0,1099.0,1102.0,1128.0,955.0,879.0,998.0,1087.0,1080.0,875.0
1058.0,1099.0,1102.0,1128.0,955.0,879.0,998.0,1087.0,1080.0,875.0,955.0
1099.0,1102.0,1128.0,955.0,879.0,998.0,1087.0,1080.0,875.0,955.0,1194.0
1102.0,1128.0,955.0,879.0,998.0,1087.0,1080.0,875.0,955.0,1194.0,891.0
1128.0,955.0,879.0,998.0,1087.0,1080.0,875.0,955.0,1194.0,891.0,1094.0
955.0,879.0,998.0,1087.0,1080.0,875.0,955.0,1194.0,891.0,1094.0,1356.0
879.0,998.0,1087.0,1080.0,875.0,955.0,1194.0,891.0,1094.0,1356.0,1180.0
998.0,1087.0,1080.0,875.0,955.0,1194.0,891.0,1094.0,1356.0,1180.0,815.0
1087.0,1080.0,875.0,955.0,1194.0,891.0,1094.0,1356.0,1180.0,815.0,1072.0
1080.0,875.0,955.0,1194.0,891.0,1094.0,1356.0,1180.0,815.0,1072.0,256.0
875.0,955.0,1194.0,891.0,1094.0,1356.0,1180.0,815.0,1072.0,256.0,997.0
955.0,1194.0,891.0,1094.0,1356.0,1180.0,815.0,1072.0,256.0,997.0,1066.0
1194.0,891.0,1094.0,1356.0,1180.0,815.0,1072.0,256.0,997.0,1066.0,1197.0
891.0,1094.0,1356.0,1180.0,815.0,1072.0,256.0,997.0,1066.0,1197.0,1163.0
1094.0,1356.0,1180.0,815.0,1072.0,256.0,997.0,1066.0,1197.0,1163.0,1176.0
1356.0,1180.0,815.0,1072.0,256.0,997.0,1066.0,1197.0,1163.0,1176.0,1087.0
1180.0,815.0,1072.0,256.0,997.0,1066.0,1197.0,1163.0,1176.0,1087.0,1031.0
815.0,1072.0,256.0,997.0,1066.0,1197.0,1163.0,1176.0,1087.0,1031.0,1136.0
1072.0,256.0,997.0,1066.0,1197.0,1163.0,1176.0,1087.0,1031.0,1136.0,771.0
256.0,997.0,1066.0,1197.0,1163.0,1176.0,1087.0,1031.0,1136.0,771.0,623.0
997.0,1066.0,1197.0,1163.0,1176.0,1087.0,1031.0,1136.0,771.0,623.0,459.0
1066.0,1197.0,1163.0,1176.0,1087.0,1031.0,1136.0,771.0,623.0,459.0,424.0
1197.0,1163.0,1176.0,1087.0,1031.0,1136.0,771.0,623.0,459.0,424.0,815.0
1163.0,1176.0,1087.0,1031.0,1136.0,771.0,623.0,459.0,424.0,815.0,1229.0
1176.0,1087.0,1031.0,1136.0,771.0,623.0,459.0,424.0,815.0,1229.0,1161.0
1087.0,1031.0,1136.0,771.0,623.0,459.0,424.0,815.0,1229.0,1161.0,1084.0
1031.0,1136.0,771.0,623.0,459.0,424.0,815.0,1229.0,1161.0,1084.0,1095.0
1136.0,771.0,623.0,459.0,424.0,815.0,1229.0,1161.0,1084.0,1095.0,1101.0
771.0,623.0,459.0,424.0,815.0,1229.0,1161.0,1084.0,1095.0,1101.0,842.0
623.0,459.0,424.0,815.0,1229.0,1161.0,1084.0,1095.0,1101.0,842.0,1095.0
459.0,424.0,815.0,1229.0,1161.0,1084.0,1095.0,1101.0,842.0,1095.0,1038.0
424.0,815.0,1229.0,1161.0,1084.0,1095.0,1101.0,842.0,1095.0,1038.0,983.0
815.0,1229.0,1161.0,1084.0,1095.0,1101.0,842.0,1095.0,1038.0,983.0,1044.0
1229.0,1161.0,1084.0,1095.0,1101.0,842.0,1095.0,1038.0,983.0,1044.0,837.0
1161.0,1084.0,1095.0,1101.0,842.0,1095.0,1038.0,983.0,1044.0,837.0,1001.0
1084.0,1095.0,1101.0,842.0,1095.0,1038.0,983.0,1044.0,837.0,1001.0,1103.0
1095.0,1101.0,842.0,1095.0,1038.0,983.0,1044.0,837.0,1001.0,1103.0,551.0
1101.0,842.0,1095.0,1038.0,983.0,1044.0,837.0,1001.0,1103.0,551.0,1247.0
842.0,1095.0,1038.0,983.0,1044.0,837.0,1001.0,1103.0,551.0,1247.0,1152.0
1095.0,1038.0,983.0,1044.0,837.0,1001.0,1103.0,551.0,1247.0,1152.0,1065.0
1038.0,983.0,1044.0,837.0,1001.0,1103.0,551.0,1247.0,1152.0,1065.0,948.0
983.0,1044.0,837.0,1001.0,1103.0,551.0,1247.0,1152.0,1065.0,948.0,899.0
1044.0,837.0,1001.0,1103.0,551.0,1247.0,1152.0,1065.0,948.0,899.0,1113.0
837.0,1001.0,1103.0,551.0,1247.0,1152.0,1065.0,948.0,899.0,1113.0,1196.0
1001.0,1103.0,551.0,1247.0,1152.0,1065.0,948.0,899.0,1113.0,1196.0,559.0
1103.0,551.0,1247.0,1152.0,1065.0,948.0,899.0,1113.0,1196.0,559.0,671.0
551.0,1247.0,1152.0,1065.0,948.0,899.0,1113.0,1196.0,559.0,671.0,821.0
1247.0,1152.0,1065.0,948.0,899.0,1113.0,1196.0,559.0,671.0,821.0,1025.0
1152.0,1065.0,948.0,899.0,1113.0,1196.0,559.0,671.0,821.0,1025.0,1110.0
1065.0,948.0,899.0,1113.0,1196.0,559.0,671.0,821.0,1025.0,1110.0,1096.0
948.0,899.0,1113.0,1196.0,559.0,671.0,821.0,1025.0,1110.0,1096.0,1147.0
899.0,1113.0,1196.0,559.0,671.0,821.0,1025.0,1110.0,1096.0,1147.0,1244.0
1113.0,1196.0,559.0,671.0,821.0,1025.0,1110.0,1096.0,1147.0,1244.0,1268.0
1196.0,559.0,671.0,821.0,1025.0,1110.0,1096.0,1147.0,1244.0,1268.0,1177.0
559.0,671.0,821.0,1025.0,1110.0,1096.0,1147.0,1244.0,1268.0,1177.0,1049.0
671.0,821.0,1025.0,1110.0,1096.0,1147.0,1244.0,1268.0,1177.0,1049.0,556.0
821.0,1025.0,1110.0,1096.0,1147.0,1244.0,1268.0,1177.0,1049.0,556.0,670.0
1025.0,1110.0,1096.0,1147.0,1244.0,1268.0,1177.0,1049.0,556.0,670.0,838.0
1110.0,1096.0,1147.0,1244.0,1268.0,1177.0,1049.0,556.0,670.0,838.0,1200.0
1096.0,1147.0,1244.0,1268.0,1177.0,1049.0,556.0,670.0,838.0,1200.0,1159.0
1147.0,1244.0,1268.0,1177.0,1049.0,556.0,670.0,838.0,1200.0,1159.0,1051.0
1244.0,1268.0,1177.0,1049.0,556.0,670.0,838.0,1200.0,1159.0,1051.0,1092.0
1268.0,1177.0,1049.0,556.0,670.0,838.0,1200.0,1159.0,1051.0,1092.0,558.0
1177.0,1049.0,556.0,670.0,838.0,1200.0,1159.0,1051.0,1092.0,558.0,965.0
1049.0,556.0,670.0,838.0,1200.0,1159.0,1051.0,1092.0,558.0,965.0,990.0
556.0,670.0,838.0,1200.0,1159.0,1051.0,1092.0,558.0,965.0,990.0,991.0
670.0,838.0,1200.0,1159.0,1051.0,1092.0,558.0,965.0,990.0,991.0,1008.0
838.0,1200.0,1159.0,1051.0,1092.0,558.0,965.0,990.0,991.0,1008.0,963.0
1200.0,1159.0,1051.0,1092.0,558.0,965.0,990.0,991.0,1008.0,963.0,1078.0
1159.0,1051.0,1092.0,558.0,965.0,990.0,991.0,1008.0,963.0,1078.0,896.0
1051.0,1092.0,558.0,965.0,990.0,991.0,1008.0,963.0,1078.0,896.0,612.0
1092.0,558.0,965.0,990.0,991.0,1008.0,963.0,1078.0,896.0,612.0,862.0
558.0,965.0,990.0,991.0,1008.0,963.0,1078.0,896.0,612.0,862.0,144.0
965.0,990.0,991.0,1008.0,963.0,1078.0,896.0,612.0,862.0,144.0,766.0
990.0,991.0,1008.0,963.0,1078.0,896.0,612.0,862.0,144.0,766.0,844.0
991.0,1008.0,963.0,1078.0,896.0,612.0,862.0,144.0,766.0,844.0,936.0
1008.0,963.0,1078.0,896.0,612.0,862.0,144.0,766.0,844.0,936.0,963.0
963.0,1078.0,896.0,612.0,862.0,144.0,766.0,844.0,936.0,963.0,914.0
1078.0,896.0,612.0,862.0,144.0,766.0,844.0,936.0,963.0,914.0,931.0
896.0,612.0,862.0,144.0,766.0,844.0,936.0,963.0,914.0,931.0,903.0
612.0,862.0,144.0,766.0,844.0,936.0,963.0,914.0,931.0,903.0,839.0
862.0,144.0,766.0,844.0,936.0,963.0,914.0,931.0,903.0,839.0,928.0
144.0,766.0,844.0,936.0,963.0,914.0,931.0,903.0,839.0,928.0,967.0
766.0,844.0,936.0,963.0,914.0,931.0,903.0,839.0,928.0,967.0,945.0
844.0,936.0,963.0,914.0,931.0,903.0,839.0,928.0,967.0,945.0,675.0
936.0,963.0,914.0,931.0,903.0,839.0,928.0,967.0,945.0,675.0,775.0
963.0,914.0,931.0,903.0,839.0,928.0,967.0,945.0,675.0,775.0,935.0
914.0,931.0,903.0,839.0,928.0,967.0,945.0,675.0,775.0,935.0,855.0
931.0,903.0,839.0,928.0,967.0,945.0,675.0,775.0,935.0,855.0,1032.0
903.0,839.0,928.0,967.0,945.0,675.0,775.0,935.0,855.0,1032.0,965.0
839.0,928.0,967.0,945.0,675.0,775.0,935.0,855.0,1032.0,965.0,418.0
928.0,967.0,945.0,675.0,775.0,935.0,855.0,1032.0,965.0,418.0,702.0
967.0,945.0,675.0,775.0,935.0,855.0,1032.0,965.0,418.0,702.0,780.0
945.0,675.0,775.0,935.0,855.0,1032.0,965.0,418.0,702.0,780.0,842.0
675.0,775.0,935.0,855.0,1032.0,965.0,418.0,702.0,780.0,842.0,810.0
775.0,935.0,855.0,1032.0,965.0,418.0,702.0,780.0,842.0,810.0,636.0
935.0,855.0,1032.0,965.0,418.0,702.0,780.0,842.0,810.0,636.0,370.0
855.0,1032.0,965.0,418.0,702.0,780.0,842.0,810.0,636.0,370.0,590.0
1032.0,965.0,418.0,702.0,780.0,842.0,810.0,636.0,370.0,590.0,344.0
965.0,418.0,702.0,780.0,842.0,810.0,636.0,370.0,590.0,344.0,642.0
418.0,702.0,780.0,842.0,810.0,636.0,370.0,590.0,344.0,642.0,706.0
702.0,780.0,842.0,810.0,636.0,370.0,590.0,344.0,642.0,706.0,706.0
780.0,842.0,810.0,636.0,370.0,590.0,344.0,642.0,706.0,706.0,889.0
842.0,810.0,636.0,370.0,590.0,344.0,642.0,706.0,706.0,889.0,670.0
810.0,636.0,370.0,590.0,344.0,642.0,706.0,706.0,889.0,670.0,831.0
636.0,370.0,590.0,344.0,642.0,706.0,706.0,889.0,670.0,831.0,857.0
370.0,590.0,344.0,642.0,706.0,706.0,889.0,670.0,831.0,857.0,906.0
590.0,344.0,642.0,706.0,706.0,889.0,670.0,831.0,857.0,906.0,831.0
344.0,642.0,706.0,706.0,889.0,670.0,831.0,857.0,906.0,831.0,802.0
642.0,706.0,706.0,889.0,670.0,831.0,857.0,906.0,831.0,802.0,877.0
706.0,706.0,889.0,670.0,831.0,857.0,906.0,831.0,802.0,877.0,597.0
706.0,889.0,670.0,831.0,857.0,906.0,831.0,802.0,877.0,597.0,162.0
889.0,670.0,831.0,857.0,906.0,831.0,802.0,877.0,597.0,162.0,764.0
670.0,831.0,857.0,906.0,831.0,802.0,877.0,597.0,162.0,764.0,833.0
831.0,857.0,906.0,831.0,802.0,877.0,597.0,162.0,764.0,833.0,734.0
857.0,906.0,831.0,802.0,877.0,597.0,162.0,764.0,833.0,734.0,631.0
906.0,831.0,802.0,877.0,597.0,162.0,764.0,833.0,734.0,631.0,761.0
831.0,802.0,877.0,597.0,162.0,764.0,833.0,734.0,631.0,761.0,810.0
802.0,877.0,597.0,162.0,764.0,833.0,734.0,631.0,761.0,810.0,860.0
877.0,597.0,162.0,764.0,833.0,734.0,631.0,761.0,810.0,860.0,853.0
597.0,162.0,764.0,833.0,734.0,631.0,761.0,810.0,860.0,853.0,823.0
162.0,764.0,833.0,734.0,631.0,761.0,810.0,860.0,853.0,823.0,630.0
764.0,833.0,734.0,631.0,761.0,810.0,860.0,853.0,823.0,630.0,559.0
833.0,734.0,631.0,761.0,810.0,860.0,853.0,823.0,630.0,559.0,783.0
734.0,631.0,761.0,810.0,860.0,853.0,823.0,630.0,559.0,783.0,863.0
631.0,761.0,810.0,860.0,853.0,823.0,630.0,559.0,783.0,863.0,612.0
761.0,810.0,860.0,853.0,823.0,630.0,559.0,783.0,863.0,612.0,706.0
810.0,860.0,853.0,823.0,630.0,559.0,783.0,863.0,612.0,706.0,508.0
860.0,853.0,823.0,630.0,559.0,783.0,863.0,612.0,706.0,508.0,233.0
853.0,823.0,630.0,559.0,783.0,863.0,612.0,706.0,508.0,233.0,173.0
823.0,630.0,559.0,783.0,863.0,612.0,706.0,508.0,233.0,173.0,303.0
630.0,559.0,783.0,863.0,612.0,706.0,508.0,233.0,173.0,303.0,267.0
559.0,783.0,863.0,612.0,706.0,508.0,233.0,173.0,303.0,267.0,529.0
783.0,863.0,612.0,706.0,508.0,233.0,173.0,303.0,267.0,529.0,557.0
863.0,612.0,706.0,508.0,233.0,173.0,303.0,267.0,529.0,557.0,690.0
612.0,706.0,508.0,233.0,173.0,303.0,267.0,529.0,557.0,690.0,572.0
706.0,508.0,233.0,173.0,303.0,267.0,529.0,557.0,690.0,572.0,528.0
508.0,233.0,173.0,303.0,267.0,529.0,557.0,690.0,572.0,528.0,449.0
233.0,173.0,303.0,267.0,529.0,557.0,690.0,572.0,528.0,449.0,514.0
173.0,303.0,267.0,529.0,557.0,690.0,572.0,528.0,449.0,514.0,545.0
303.0,267.0,529.0,557.0,690.0,572.0,528.0,449.0,514.0,545.0,753.0
267.0,529.0,557.0,690.0,572.0,528.0,449.0,514.0,545.0,753.0,943.0
529.0,557.0,690.0,572.0,528.0,449.0,514.0,545.0,753.0,943.0,1040.0
557.0,690.0,572.0,528.0,449.0,514.0,545.0,753.0,943.0,1040.0,788.0
690.0,572.0,528.0,449.0,514.0,545.0,753.0,943.0,1040.0,788.0,546.0
572.0,528.0,449.0,514.0,545.0,753.0,943.0,1040.0,788.0,546.0,828.0
528.0,449.0,514.0,545.0,753.0,943.0,1040.0,788.0,546.0,828.0,501.0
449.0,514.0,545.0,753.0,943.0,1040.0,788.0,546.0,828.0,501.0,942.0
514.0,545.0,753.0,943.0,1040.0,788.0,546.0,828.0,501.0,942.0,739.0
545.0,753.0,943.0,1040.0,788.0,546.0,828.0,501.0,942.0,739.0,573.0
753.0,943.0,1040.0,788.0,546.0,828.0,501.0,942.0,739.0,573.0,532.0
943.0,1040.0,788.0,546.0,828.0,501.0,942.0,739.0,573.0,532.0,529.0
1040.0,788.0,546.0,828.0,501.0,942.0,739.0,573.0,532.0,529.0,675.0
788.0,546.0,828.0,501.0,942.0,739.0,573.0,532.0,529.0,675.0,776.0
546.0,828.0,501.0,942.0,739.0,573.0,532.0,529.0,675.0,776.0,757.0
828.0,501.0,942.0,739.0,573.0,532.0,529.0,675.0,776.0,757.0,727.0
501.0,942.0,739.0,573.0,532.0,529.0,675.0,776.0,757.0,727.0,299.0
942.0,739.0,573.0,532.0,529.0,675.0,776.0,757.0,727.0,299.0,455.0
739.0,573.0,532.0,529.0,675.0,776.0,757.0,727.0,299.0,455.0,559.0
573.0,532.0,529.0,675.0,776.0,757.0,727.0,299.0,455.0,559.0,998.0
532.0,529.0,675.0,776.0,757.0,727.0,299.0,455.0,559.0,998.0,982.0
529.0,675.0,776.0,757.0,727.0,299.0,455.0,559.0,998.0,982.0,937.0
675.0,776.0,757.0,727.0,299.0,455.0,559.0,998.0,982.0,937.0,795.0
776.0,757.0,727.0,299.0,455.0,559.0,998.0,982.0,937.0,795.0,925.0
757.0,727.0,299.0,455.0,559.0,998.0,982.0,937.0,795.0,925.0,746.0
727.0,299.0,455.0,559.0,998.0,982.0,937.0,795.0,925.0,746.0,834.0
299.0,455.0,559.0,998.0,982.0,937.0,795.0,925.0,746.0,834.0,1037.0
455.0,559.0,998.0,982.0,937.0,795.0,925.0,746.0,834.0,1037.0,1053.0
559.0,998.0,982.0,937.0,795.0,925.0,746.0,834.0,1037.0,1053.0,865.0
998.0,982.0,937.0,795.0,925.0,746.0,834.0,1037.0,1053.0,865.0,955.0
982.0,937.0,795.0,925.0,746.0,834.0,1037.0,1053.0,865.0,955.0,651.0
937.0,795.0,925.0,746.0,834.0,1037.0,1053.0,865.0,955.0,651.0,678.0
795.0,925.0,746.0,834.0,1037.0,1053.0,865.0,955.0,651.0,678.0,870.0
925.0,746.0,834.0,1037.0,1053.0,865.0,955.0,651.0,678.0,870.0,1006.0
746.0,834.0,1037.0,1053.0,865.0,955.0,651.0,678.0,870.0,1006.0,644.0
834.0,1037.0,1053.0,865.0,955.0,651.0,678.0,870.0,1006.0,644.0,881.0
1037.0,1053.0,865.0,955.0,651.0,678.0,870.0,1006.0,644.0,881.0,881.0
1053.0,865.0,955.0,651.0,678.0,870.0,1006.0,644.0,881.0,881.0,499.0
865.0,955.0,651.0,678.0,870.0,1006.0,644.0,881.0,881.0,499.0,352.0
955.0,651.0,678.0,870.0,1006.0,644.0,881.0,881.0,499.0,352.0,787.0
651.0,678.0,870.0,1006.0,644.0,881.0,881.0,499.0,352.0,787.0,902.0
678.0,870.0,1006.0,644.0,881.0,881.0,499.0,352.0,787.0,902.0,959.0
870.0,1006.0,644.0,881.0,881.0,499.0,352.0,787.0,902.0,959.0,691.0
1006.0,644.0,881.0,881.0,499.0,352.0,787.0,902.0,959.0,691.0,955.0
644.0,881.0,881.0,499.0,352.0,787.0,902.0,959.0,691.0,955.0,993.0
881.0,881.0,499.0,352.0,787.0,902.0,959.0,691.0,955.0,993.0,618.0
881.0,499.0,352.0,787.0,902.0,959.0,691.0,955.0,993.0,618.0,720.0
499.0,352.0,787.0,902.0,959.0,691.0,955.0,993.0,618.0,720.0,869.0
352.0,787.0,902.0,959.0,691.0,955.0,993.0,618.0,720.0,869.0,1098.0
787.0,902.0,959.0,691.0,955.0,993.0,618.0,720.0,869.0,1098.0,1164.0
902.0,959.0,691.0,955.0,993.0,618.0,720.0,869.0,1098.0,1164.0,802.0
959.0,691.0,955.0,993.0,618.0,720.0,869.0,1098.0,1164.0,802.0,628.0
691.0,955.0,993.0,618.0,720.0,869.0,1098.0,1164.0,802.0,628.0,779.0
955.0,993.0,618.0,720.0,869.0,1098.0,1164.0,802.0,628.0,779.0,994.0
993.0,618.0,720.0,869.0,1098.0,1164.0,802.0,628.0,779.0,994.0,1003.0
618.0,720.0,869.0,1098.0,1164.0,802.0,628.0,779.0,994.0,1003.0,422.0
720.0,869.0,1098.0,1164.0,802.0,628.0,779.0,994.0,1003.0,422.0,1148.0
869.0,1098.0,1164.0,802.0,628.0,779.0,994.0,1003.0,422.0,1148.0,735.0
1098.0,1164.0,802.0,628.0,779.0,994.0,1003.0,422.0,1148.0,735.0,935.0
1164.0,802.0,628.0,779.0,994.0,1003.0,422.0,1148.0,735.0,935.0,787.0
802.0,628.0,779.0,994.0,1003.0,422.0,1148.0,735.0,935.0,787.0,767.0
628.0,779.0,994.0,1003.0,422.0,1148.0,735.0,935.0,787.0,767.0,910.0
779.0,994.0,1003.0,422.0,1148.0,735.0,935.0,787.0,767.0,910.0,1131.0
994.0,1003.0,422.0,1148.0,735.0,935.0,787.0,767.0,910.0,1131.0,1238.0
1003.0,422.0,1148.0,735.0,935.0,787.0,767.0,910.0,1131.0,1238.0,1051.0
422.0,1148.0,735.0,935.0,787.0,767.0,910.0,1131.0,1238.0,1051.0,947.0
1148.0,735.0,935.0,787.0,767.0,910.0,1131.0,1238.0,1051.0,947.0,1130.0
735.0,935.0,787.0,767.0,910.0,1131.0,1238.0,1051.0,947.0,1130.0,1219.0
935.0,787.0,767.0,910.0,1131.0,1238.0,1051.0,947.0,1130.0,1219.0,1345.0
787.0,767.0,910.0,1131.0,1238.0,1051.0,947.0,1130.0,1219.0,1345.0,1452.0
767.0,910.0,1131.0,1238.0,1051.0,947.0,1130.0,1219.0,1345.0,1452.0,1424.0
910.0,1131.0,1238.0,1051.0,947.0,1130.0,1219.0,1345.0,1452.0,1424.0,1007.0
1131.0,1238.0,1051.0,947.0,1130.0,1219.0,1345.0,1452.0,1424.0,1007.0,1802.0
1238.0,1051.0,947.0,1130.0,1219.0,1345.0,1452.0,1424.0,1007.0,1802.0,1355.0
1051.0,947.0,1130.0,1219.0,1345.0,1452.0,1424.0,1007.0,1802.0,1355.0,1415.0
947.0,1130.0,1219.0,1345.0,1452.0,1424.0,1007.0,1802.0,1355.0,1415.0,1401.0
1130.0,1219.0,1345.0,1452.0,1424.0,1007.0,1802.0,1355.0,1415.0,1401.0,1433.0
1219.0,1345.0,1452.0,1424.0,1007.0,1802.0,1355.0,1415.0,1401.0,1433.0,1580.0
1345.0,1452.0,1424.0,1007.0,1802.0,1355.0,1415.0,1401.0,1433.0,1580.0,1923.0
1452.0,1424.0,1007.0,1802.0,1355.0,1415.0,1401.0,1433.0,1580.0,1923.0,776.0
1424.0,1007.0,1802.0,1355.0,1415.0,1401.0,1433.0,1580.0,1923.0,776.0,1149.0
1007.0,1802.0,1355.0,1415.0,1401.0,1433.0,1580.0,1923.0,776.0,1149.0,1278.0
1802.0,1355.0,1415.0,1401.0,1433.0,1580.0,1923.0,776.0,1149.0,1278.0,1173.0
1355.0,1415.0,1401.0,1433.0,1580.0,1923.0,776.0,1149.0,1278.0,1173.0,1311.0
1415.0,1401.0,1433.0,1580.0,1923.0,776.0,1149.0,1278.0,1173.0,1311.0,1411.0
1401.0,1433.0,1580.0,1923.0,776.0,1149.0,1278.0,1173.0,1311.0,1411.0,1256.0
1433.0,1580.0,1923.0,776.0,1149.0,1278.0,1173.0,1311.0,1411.0,1256.0,1434.0
1580.0,1923.0,776.0,1149.0,1278.0,1173.0,1311.0,1411.0,1256.0,1434.0,1389.0
1923.0,776.0,1149.0,1278.0,1173.0,1311.0,1411.0,1256.0,1434.0,1389.0,1365.0
776.0,1149.0,1278.0,1173.0,1311.0,1411.0,1256.0,1434.0,1389.0,1365.0,1558.0
1149.0,1278.0,1173.0,1311.0,1411.0,1256.0,1434.0,1389.0,1365.0,1558.0,1480.0
1278.0,1173.0,1311.0,1411.0,1256.0,1434.0,1389.0,1365.0,1558.0,1480.0,1485.0
1173.0,1311.0,1411.0,1256.0,1434.0,1389.0,1365.0,1558.0,1480.0,1485.0,1486.0
1311.0,1411.0,1256.0,1434.0,1389.0,1365.0,1558.0,1480.0,1485.0,1486.0,1577.0
1411.0,1256.0,1434.0,1389.0,1365.0,1558.0,1480.0,1485.0,1486.0,1577.0,1189.0
1256.0,1434.0,1389.0,1365.0,1558.0,1480.0,1485.0,1486.0,1577.0,1189.0,1285.0
1434.0,1389.0,1365.0,1558.0,1480.0,1485.0,1486.0,1577.0,1189.0,1285.0,1361.0
1389.0,1365.0,1558.0,1480.0,1485.0,1486.0,1577.0,1189.0,1285.0,1361.0,1118.0
1365.0,1558.0,1480.0,1485.0,1486.0,1577.0,1189.0,1285.0,1361.0,1118.0,1244.0
1558.0,1480.0,1485.0,1486.0,1577.0,1189.0,1285.0,1361.0,1118.0,1244.0,1472.0
1480.0,1485.0,1486.0,1577.0,1189.0,1285.0,1361.0,1118.0,1244.0,1472.0,1716.0
1485.0,1486.0,1577.0,1189.0,1285.0,1361.0,1118.0,1244.0,1472.0,1716.0,1640.0
1486.0,1577.0,1189.0,1285.0,1361.0,1118.0,1244.0,1472.0,1716.0,1640.0,1465.0
1577.0,1189.0,1285.0,1361.0,1118.0,1244.0,1472.0,1716.0,1640.0,1465.0,1539.0
1189.0,1285.0,1361.0,1118.0,1244.0,1472.0,1716.0,1640.0,1465.0,1539.0,1004.0
1285.0,1361.0,1118.0,1244.0,1472.0,1716.0,1640.0,1465.0,1539.0,1004.0,1510.0
1361.0,1118.0,1244.0,1472.0,1716.0,1640.0,1465.0,1539.0,1004.0,1510.0,1677.0
1118.0,1244.0,1472.0,1716.0,1640.0,1465.0,1539.0,1004.0,1510.0,1677.0,1524.0
1244.0,1472.0,1716.0,1640.0,1465.0,1539.0,1004.0,1510.0,1677.0,1524.0,236.0
1472.0,1716.0,1640.0,1465.0,1539.0,1004.0,1510.0,1677.0,1524.0,236.0,739.0
1716.0,1640.0,1465.0,1539.0,1004.0,1510.0,1677.0,1524.0,236.0,739.0,1296.0
1640.0,1465.0,1539.0,1004.0,1510.0,1677.0,1524.0,236.0,739.0,1296.0,1425.0
1465.0,1539.0,1004.0,1510.0,1677.0,1524.0,236.0,739.0,1296.0,1425.0,1156.0
1539.0,1004.0,1510.0,1677.0,1524.0,236.0,739.0,1296.0,1425.0,1156.0,1434.0
1004.0,1510.0,1677.0,1524.0,236.0,739.0,1296.0,1425.0,1156.0,1434.0,971.0
1510.0,1677.0,1524.0,236.0,739.0,1296.0,1425.0,1156.0,1434.0,971.0,1450.0
1677.0,1524.0,236.0,739.0,1296.0,1425.0,1156.0,1434.0,971.0,1450.0,1282.0
1524.0,236.0,739.0,1296.0,1425.0,1156.0,1434.0,971.0,1450.0,1282.0,1320.0
236.0,739.0,1296.0,1425.0,1156.0,1434.0,971.0,1450.0,1282.0,1320.0,1419.0
739.0,1296.0,1425.0,1156.0,1434.0,971.0,1450.0,1282.0,1320.0,1419.0,1477.0
1296.0,1425.0,1156.0,1434.0,971.0,1450.0,1282.0,1320.0,1419.0,1477.0,1448.0
1425.0,1156.0,1434.0,971.0,1450.0,1282.0,1320.0,1419.0,1477.0,1448.0,1583.0
1156.0,1434.0,971.0,1450.0,1282.0,1320.0,1419.0,1477.0,1448.0,1583.0,1463.0
1434.0,971.0,1450.0,1282.0,1320.0,1419.0,1477.0,1448.0,1583.0,1463.0,1443.0
971.0,1450.0,1282.0,1320.0,1419.0,1477.0,1448.0,1583.0,1463.0,1443.0,1317.0
1450.0,1282.0,1320.0,1419.0,1477.0,1448.0,1583.0,1463.0,1443.0,1317.0,1085.0
1282.0,1320.0,1419.0,1477.0,1448.0,1583.0,1463.0,1443.0,1317.0,1085.0,1512.0
1320.0,1419.0,1477.0,1448.0,1583.0,1463.0,1443.0,1317.0,1085.0,1512.0,1617.0
1419.0,1477.0,1448.0,1583.0,1463.0,1443.0,1317.0,1085.0,1512.0,1617.0,1709.0
1477.0,1448.0,1583.0,1463.0,1443.0,1317.0,1085.0,1512.0,1617.0,1709.0,1407.0
1448.0,1583.0,1463.0,1443.0,1317.0,1085.0,1512.0,1617.0,1709.0,1407.0,654.0
1583.0,1463.0,1443.0,1317.0,1085.0,1512.0,1617.0,1709.0,1407.0,654.0,1176.0
1463.0,1443.0,1317.0,1085.0,1512.0,1617.0,1709.0,1407.0,654.0,1176.0,1708.0
1443.0,1317.0,1085.0,1512.0,1617.0,1709.0,1407.0,654.0,1176.0,1708.0,1698.0
1317.0,1085.0,1512.0,1617.0,1709.0,1407.0,654.0,1176.0,1708.0,1698.0,1757.0
1085.0,1512.0,1617.0,1709.0,1407.0,654.0,1176.0,1708.0,1698.0,1757.0,1908.0
1512.0,1617.0,1709.0,1407.0,654.0,1176.0,1708.0,1698.0,1757.0,1908.0,1640.0
1617.0,1709.0,1407.0,654.0,1176.0,1708.0,1698.0,1757.0,1908.0,1640.0,1003.0
1709.0,1407.0,654.0,1176.0,1708.0,1698.0,1757.0,1908.0,1640.0,1003.0,1397.0
1407.0,654.0,1176.0,1708.0,1698.0,1757.0,1908.0,1640.0,1003.0,1397.0,1210.0
654.0,1176.0,1708.0,1698.0,1757.0,1908.0,1640.0,1003.0,1397.0,1210.0,1557.0
1176.0,1708.0,1698.0,1757.0,1908.0,1640.0,1003.0,1397.0,1210.0,1557.0,1549.0
1708.0,1698.0,1757.0,1908.0,1640.0,1003.0,1397.0,1210.0,1557.0,1549.0,1503.0
1698.0,1757.0,1908.0,1640.0,1003.0,1397.0,1210.0,1557.0,1549.0,1503.0,1516.0
1757.0,1908.0,1640.0,1003.0,1397.0,1210.0,1557.0,1549.0,1503.0,1516.0,1390.0
1908.0,1640.0,1003.0,1397.0,1210.0,1557.0,1549.0,1503.0,1516.0,1390.0,1321.0
1640.0,1003.0,1397.0,1210.0,1557.0,1549.0,1503.0,1516.0,1390.0,1321.0,1577.0
1003.0,1397.0,1210.0,1557.0,1549.0,1503.0,1516.0,1390.0,1321.0,1577.0,1688.0
1397.0,1210.0,1557.0,1549.0,1503.0,1516.0,1390.0,1321.0,1577.0,1688.0,949.0
1210.0,1557.0,1549.0,1503.0,1516.0,1390.0,1321.0,1577.0,1688.0,949.0,1868.0
1557.0,1549.0,1503.0,1516.0,1390.0,1321.0,1577.0,1688.0,949.0,1868.0,1757.0
1549.0,1503.0,1516.0,1390.0,1321.0,1577.0,1688.0,949.0,1868.0,1757.0,1610.0
1503.0,1516.0,1390.0,1321.0,1577.0,1688.0,949.0,1868.0,1757.0,1610.0,1610.0
1516.0,1390.0,1321.0,1577.0,1688.0,949.0,1868.0,1757.0,1610.0,1610.0,1623.0
1390.0,1321.0,1577.0,1688.0,949.0,1868.0,1757.0,1610.0,1610.0,1623.0,1724.0
1321.0,1577.0,1688.0,949.0,1868.0,1757.0,1610.0,1610.0,1623.0,1724.0,1779.0
1577.0,1688.0,949.0,1868.0,1757.0,1610.0,1610.0,1623.0,1724.0,1779.0,1725.0
1688.0,949.0,1868.0,1757.0,1610.0,1610.0,1623.0,1724.0,1779.0,1725.0,1518.0
949.0,1868.0,1757.0,1610.0,1610.0,1623.0,1724.0,1779.0,1725.0,1518.0,1533.0
1868.0,1757.0,1610.0,1610.0,1623.0,1724.0,1779.0,1725.0,1518.0,1533.0,1144.0
1757.0,1610.0,1610.0,1623.0,1724.0,1779.0,1725.0,1518.0,1533.0,1144.0,1707.0
1610.0,1610.0,1623.0,1724.0,1779.0,1725.0,1518.0,1533.0,1144.0,1707.0,1693.0
1610.0,1623.0,1724.0,1779.0,1725.0,1518.0,1533.0,1144.0,1707.0,1693.0,1763.0
1623.0,1724.0,1779.0,1725.0,1518.0,1533.0,1144.0,1707.0,1693.0,1763.0,1771.0
1724.0,1779.0,1725.0,1518.0,1533.0,1144.0,1707.0,1693.0,1763.0,1771.0,1605.0
1779.0,1725.0,1518.0,1533.0,1144.0,1707.0,1693.0,1763.0,1771.0,1605.0,1173.0
1725.0,1518.0,1533.0,1144.0,1707.0,1693.0,1763.0,1771.0,1605.0,1173.0,1570.0
1518.0,1533.0,1144.0,1707.0,1693.0,1763.0,1771.0,1605.0,1173.0,1570.0,1429.0
1533.0,1144.0,1707.0,1693.0,1763.0,1771.0,1605.0,1173.0,1570.0,1429.0,1358.0
1144.0,1707.0,1693.0,1763.0,1771.0,1605.0,1173.0,1570.0,1429.0,1358.0,1339.0
1707.0,1693.0,1763.0,1771.0,1605.0,1173.0,1570.0,1429.0,1358.0,1339.0,1715.0
1693.0,1763.0,1771.0,1605.0,1173.0,1570.0,1429.0,1358.0,1339.0,1715.0,1585.0
1763.0,1771.0,1605.0,1173.0,1570.0,1429.0,1358.0,1339.0,1715.0,1585.0,1559.0
1771.0,1605.0,1173.0,1570.0,1429.0,1358.0,1339.0,1715.0,1585.0,1559.0,1712.0
1605.0,1173.0,1570.0,1429.0,1358.0,1339.0,1715.0,1585.0,1559.0,1712.0,1687.0
1173.0,1570.0,1429.0,1358.0,1339.0,1715.0,1585.0,1559.0,1712.0,1687.0,1582.0
1570.0,1429.0,1358.0,1339.0,1715.0,1585.0,1559.0,1712.0,1687.0,1582.0,1256.0
1429.0,1358.0,1339.0,1715.0,1585.0,1559.0,1712.0,1687.0,1582.0,1256.0,1308.0
1358.0,1339.0,1715.0,1585.0,1559.0,1712.0,1687.0,1582.0,1256.0,1308.0,1272.0
1339.0,1715.0,1585.0,1559.0,1712.0,1687.0,1582.0,1256.0,1308.0,1272.0,1432.0
1715.0,1585.0,1559.0,1712.0,1687.0,1582.0,1256.0,1308.0,1272.0,1432.0,1532.0
1585.0,1559.0,1712.0,1687.0,1582.0,1256.0,1308.0,1272.0,1432.0,1532.0,1703.0
1559.0,1712.0,1687.0,1582.0,1256.0,1308.0,1272.0,1432.0,1532.0,1703.0,1435.0
1712.0,1687.0,1582.0,1256.0,1308.0,1272.0,1432.0,1532.0,1703.0,1435.0,1428.0
1687.0,1582.0,1256.0,1308.0,1272.0,1432.0,1532.0,1703.0,1435.0,1428.0,1113.0
1582.0,1256.0,1308.0,1272.0,1432.0,1532.0,1703.0,1435.0,1428.0,1113.0,1075.0
1256.0,1308.0,1272.0,1432.0,1532.0,1703.0,1435.0,1428.0,1113.0,1075.0,1511.0
1308.0,1272.0,1432.0,1532.0,1703.0,1435.0,1428.0,1113.0,1075.0,1511.0,1447.0
1272.0,1432.0,1532.0,1703.0,1435.0,1428.0,1113.0,1075.0,1511.0,1447.0,1671.0
1432.0,1532.0,1703.0,1435.0,1428.0,1113.0,1075.0,1511.0,1447.0,1671.0,1713.0
1532.0,1703.0,1435.0,1428.0,1113.0,1075.0,1511.0,1447.0,1671.0,1713.0,1725.0
1703.0,1435.0,1428.0,1113.0,1075.0,1511.0,1447.0,1671.0,1713.0,1725.0,1603.0
1435.0,1428.0,1113.0,1075.0,1511.0,1447.0,1671.0,1713.0,1725.0,1603.0,1387.0
1428.0,1113.0,1075.0,1511.0,1447.0,1671.0,1713.0,1725.0,1603.0,1387.0,1571.0
1113.0,1075.0,1511.0,1447.0,1671.0,1713.0,1725.0,1603.0,1387.0,1571.0,1561.0
1075.0,1511.0,1447.0,1671.0,1713.0,1725.0,1603.0,1387.0,1571.0,1561.0,1314.0
1511.0,1447.0,1671.0,1713.0,1725.0,1603.0,1387.0,1571.0,1561.0,1314.0,1516.0
1447.0,1671.0,1713.0,1725.0,1603.0,1387.0,1571.0,1561.0,1314.0,1516.0,1350.0
1671.0,1713.0,1725.0,1603.0,1387.0,1571.0,1561.0,1314.0,1516.0,1350.0,1026.0
1713.0,1725.0,1603.0,1387.0,1571.0,1561.0,1314.0,1516.0,1350.0,1026.0,1704.0
1725.0,1603.0,1387.0,1571.0,1561.0,1314.0,1516.0,1350.0,1026.0,1704.0,1602.0
1603.0,1387.0,1571.0,1561.0,1314.0,1516.0,1350.0,1026.0,1704.0,1602.0,1746.0
1387.0,1571.0,1561.0,1314.0,1516.0,1350.0,1026.0,1704.0,1602.0,1746.0,1880.0
1571.0,1561.0,1314.0,1516.0,1350.0,1026.0,1704.0,1602.0,1746.0,1880.0,1578.0
1561.0,1314.0,1516.0,1350.0,1026.0,1704.0,1602.0,1746.0,1880.0,1578.0,1588.0
1314.0,1516.0,1350.0,1026.0,1704.0,1602.0,1746.0,1880.0,1578.0,1588.0,1538.0
1516.0,1350.0,1026.0,1704.0,1602.0,1746.0,1880.0,1578.0,1588.0,1538.0,1517.0
1350.0,1026.0,1704.0,1602.0,1746.0,1880.0,1578.0,1588.0,1538.0,1517.0,1634.0
1026.0,1704.0,1602.0,1746.0,1880.0,1578.0,1588.0,1538.0,1517.0,1634.0,1660.0
1704.0,1602.0,1746.0,1880.0,1578.0,1588.0,1538.0,1517.0,1634.0,1660.0,1743.0
1602.0,1746.0,1880.0,1578.0,1588.0,1538.0,1517.0,1634.0,1660.0,1743.0,1670.0
1746.0,1880.0,1578.0,1588.0,1538.0,1517.0,1634.0,1660.0,1743.0,1670.0,1650.0
1880.0,1578.0,1588.0,1538.0,1517.0,1634.0,1660.0,1743.0,1670.0,1650.0,1570.0
1578.0,1588.0,1538.0,1517.0,1634.0,1660.0,1743.0,1670.0,1650.0,1570.0,1257.0
1588.0,1538.0,1517.0,1634.0,1660.0,1743.0,1670.0,1650.0,1570.0,1257.0,1613.0
1538.0,1517.0,1634.0,1660.0,1743.0,1670.0,1650.0,1570.0,1257.0,1613.0,1673.0
1517.0,1634.0,1660.0,1743.0,1670.0,1650.0,1570.0,1257.0,1613.0,1673.0,1733.0
1634.0,1660.0,1743.0,1670.0,1650.0,1570.0,1257.0,1613.0,1673.0,1733.0,1676.0
1660.0,1743.0,1670.0,1650.0,1570.0,1257.0,1613.0,1673.0,1733.0,1676.0,1331.0
1743.0,1670.0,1650.0,1570.0,1257.0,1613.0,1673.0,1733.0,1676.0,1331.0,1449.0
1670.0,1650.0,1570.0,1257.0,1613.0,1673.0,1733.0,1676.0,1331.0,1449.0,1505.0
1650.0,1570.0,1257.0,1613.0,1673.0,1733.0,1676.0,1331.0,1449.0,1505.0,1583.0
1570.0,1257.0,1613.0,1673.0,1733.0,1676.0,1331.0,1449.0,1505.0,1583.0,1560.0
1257.0,1613.0,1673.0,1733.0,1676.0,1331.0,1449.0,1505.0,1583.0,1560.0,1690.0
1613.0,1673.0,1733.0,1676.0,1331.0,1449.0,1505.0,1583.0,1560.0,1690.0,1749.0
1673.0,1733.0,1676.0,1331.0,1449.0,1505.0,1583.0,1560.0,1690.0,1749.0,1644.0
1733.0,1676.0,1331.0,1449.0,1505.0,1583.0,1560.0,1690.0,1749.0,1644.0,1809.0
1676.0,1331.0,1449.0,1505.0,1583.0,1560.0,1690.0,1749.0,1644.0,1809.0,1046.0
1331.0,1449.0,1505.0,1583.0,1560.0,1690.0,1749.0,1644.0,1809.0,1046.0,1502.0
1449.0,1505.0,1583.0,1560.0,1690.0,1749.0,1644.0,1809.0,1046.0,1502.0,1611.0
1505.0,1583.0,1560.0,1690.0,1749.0,1644.0,1809.0,1046.0,1502.0,1611.0,1696.0
1583.0,1560.0,1690.0,1749.0,1644.0,1809.0,1046.0,1502.0,1611.0,1696.0,1786.0
1560.0,1690.0,1749.0,1644.0,1809.0,1046.0,1502.0,1611.0,1696.0,1786.0,1744.0
1690.0,1749.0,1644.0,1809.0,1046.0,1502.0,1611.0,1696.0,1786.0,1744.0,1392.0
1749.0,1644.0,1809.0,1046.0,1502.0,1611.0,1696.0,1786.0,1744.0,1392.0,1209.0
1644.0,1809.0,1046.0,1502.0,1611.0,1696.0,1786.0,1744.0,1392.0,1209.0,1591.0
1809.0,1046.0,1502.0,1611.0,1696.0,1786.0,1744.0,1392.0,1209.0,1591.0,1619.0
1046.0,1502.0,1611.0,1696.0,1786.0,1744.0,1392.0,1209.0,1591.0,1619.0,1770.0
1502.0,1611.0,1696.0,1786.0,1744.0,1392.0,1209.0,1591.0,1619.0,1770.0,1774.0
1611.0,1696.0,1786.0,1744.0,1392.0,1209.0,1591.0,1619.0,1770.0,1774.0,1691.0
1696.0,1786.0,1744.0,1392.0,1209.0,1591.0,1619.0,1770.0,1774.0,1691.0,1412.0
1786.0,1744.0,1392.0,1209.0,1591.0,1619.0,1770.0,1774.0,1691.0,1412.0,1336.0
1744.0,1392.0,1209.0,1591.0,1619.0,1770.0,1774.0,1691.0,1412.0,1336.0,1388.0
1392.0,1209.0,1591.0,1619.0,1770.0,1774.0,1691.0,1412.0,1336.0,1388.0,1579.0
1209.0,1591.0,1619.0,1770.0,1774.0,1691.0,1412.0,1336.0,1388.0,1579.0,1636.0
1591.0,1619.0,1770.0,1774.0,1691.0,1412.0,1336.0,1388.0,1579.0,1636.0,1427.0
1619.0,1770.0,1774.0,1691.0,1412.0,1336.0,1388.0,1579.0,1636.0,1427.0,1726.0
1770.0,1774.0,1691.0,1412.0,1336.0,1388.0,1579.0,1636.0,1427.0,1726.0,1374.0
1774.0,1691.0,1412.0,1336.0,1388.0,1579.0,1636.0,1427.0,1726.0,1374.0,1892.0
1691.0,1412.0,1336.0,1388.0,1579.0,1636.0,1427.0,1726.0,1374.0,1892.0,1731.0
1412.0,1336.0,1388.0,1579.0,1636.0,1427.0,1726.0,1374.0,1892.0,1731.0,1786.0
1336.0,1388.0,1579.0,1636.0,1427.0,1726.0,1374.0,1892.0,1731.0,1786.0,1810.0
1388.0,1579.0,1636.0,1427.0,1726.0,1374.0,1892.0,1731.0,1786.0,1810.0,1795.0
1579.0,1636.0,1427.0,1726.0,1374.0,1892.0,1731.0,1786.0,1810.0,1795.0,1842.0
1636.0,1427.0,1726.0,1374.0,1892.0,1731.0,1786.0,1810.0,1795.0,1842.0,2004.0
1427.0,1726.0,1374.0,1892.0,1731.0,1786.0,1810.0,1795.0,1842.0,2004.0,1687.0
1726.0,1374.0,1892.0,1731.0,1786.0,1810.0,1795.0,1842.0,2004.0,1687.0,1580.0
1374.0,1892.0,1731.0,1786.0,1810.0,1795.0,1842.0,2004.0,1687.0,1580.0,937.0
1892.0,1731.0,1786.0,1810.0,1795.0,1842.0,2004.0,1687.0,1580.0,937.0,1746.0
1731.0,1786.0,1810.0,1795.0,1842.0,2004.0,1687.0,1580.0,937.0,1746.0,1776.0
1786.0,1810.0,1795.0,1842.0,2004.0,1687.0,1580.0,937.0,1746.0,1776.0,1878.0
1810.0,1795.0,1842.0,2004.0,1687.0,1580.0,937.0,1746.0,1776.0,1878.0,1931.0
1795.0,1842.0,2004.0,1687.0,1580.0,937.0,1746.0,1776.0,1878.0,1931.0,1819.0
1842.0,2004.0,1687.0,1580.0,937.0,1746.0,1776.0,1878.0,1931.0,1819.0,1710.0
2004.0,1687.0,1580.0,937.0,1746.0,1776.0,1878.0,1931.0,1819.0,1710.0,1734.0
1687.0,1580.0,937.0,1746.0,1776.0,1878.0,1931.0,1819.0,1710.0,1734.0,1779.0
1580.0,937.0,1746.0,1776.0,1878.0,1931.0,1819.0,1710.0,1734.0,1779.0,1700.0
937.0,1746.0,1776.0,1878.0,1931.0,1819.0,1710.0,1734.0,1779.0,1700.0,1705.0
1746.0,1776.0,1878.0,1931.0,1819.0,1710.0,1734.0,1779.0,1700.0,1705.0,1968.0
1776.0,1878.0,1931.0,1819.0,1710.0,1734.0,1779.0,1700.0,1705.0,1968.0,1584.0
1878.0,1931.0,1819.0,1710.0,1734.0,1779.0,1700.0,1705.0,1968.0,1584.0,1559.0
1931.0,1819.0,1710.0,1734.0,1779.0,1700.0,1705.0,1968.0,1584.0,1559.0,1067.0
1819.0,1710.0,1734.0,1779.0,1700.0,1705.0,1968.0,1584.0,1559.0,1067.0,1742.0
1710.0,1734.0,1779.0,1700.0,1705.0,1968.0,1584.0,1559.0,1067.0,1742.0,1685.0
1734.0,1779.0,1700.0,1705.0,1968.0,1584.0,1559.0,1067.0,1742.0,1685.0,1876.0
1779.0,1700.0,1705.0,1968.0,1584.0,1559.0,1067.0,1742.0,1685.0,1876.0,1832.0
1700.0,1705.0,1968.0,1584.0,1559.0,1067.0,1742.0,1685.0,1876.0,1832.0,807.0
1705.0,1968.0,1584.0,1559.0,1067.0,1742.0,1685.0,1876.0,1832.0,807.0,1260.0
1968.0,1584.0,1559.0,1067.0,1742.0,1685.0,1876.0,1832.0,807.0,1260.0,1470.0
1584.0,1559.0,1067.0,1742.0,1685.0,1876.0,1832.0,807.0,1260.0,1470.0,1769.0
1559.0,1067.0,1742.0,1685.0,1876.0,1832.0,807.0,1260.0,1470.0,1769.0,1741.0
1067.0,1742.0,1685.0,1876.0,1832.0,807.0,1260.0,1470.0,1769.0,1741.0,1675.0
1742.0,1685.0,1876.0,1832.0,807.0,1260.0,1470.0,1769.0,1741.0,1675.0,1635.0
1685.0,1876.0,1832.0,807.0,1260.0,1470.0,1769.0,1741.0,1675.0,1635.0,1527.0
1876.0,1832.0,807.0,1260.0,1470.0,1769.0,1741.0,1675.0,1635.0,1527.0,1351.0
1832.0,807.0,1260.0,1470.0,1769.0,1741.0,1675.0,1635.0,1527.0,1351.0,1733.0
807.0,1260.0,1470.0,1769.0,1741.0,1675.0,1635.0,1527.0,1351.0,1733.0,1716.0
1260.0,1470.0,1769.0,1741.0,1675.0,1635.0,1527.0,1351.0,1733.0,1716.0,1727.0
1470.0,1769.0,1741.0,1675.0,1635.0,1527.0,1351.0,1733.0,1716.0,1727.0,1248.0
1769.0,1741.0,1675.0,1635.0,1527.0,1351.0,1733.0,1716.0,1727.0,1248.0,1861.0
1741.0,1675.0,1635.0,1527.0,1351.0,1733.0,1716.0,1727.0,1248.0,1861.0,1570.0
1675.0,1635.0,1527.0,1351.0,1733.0,1716.0,1727.0,1248.0,1861.0,1570.0,1623.0
1635.0,1527.0,1351.0,1733.0,1716.0,1727.0,1248.0,1861.0,1570.0,1623.0,1717.0
1527.0,1351.0,1733.0,1716.0,1727.0,1248.0,1861.0,1570.0,1623.0,1717.0,1769.0
1351.0,1733.0,1716.0,1727.0,1248.0,1861.0,1570.0,1623.0,1717.0,1769.0,1693.0
1733.0,1716.0,1727.0,1248.0,1861.0,1570.0,1623.0,1717.0,1769.0,1693.0,1712.0
1716.0,1727.0,1248.0,1861.0,1570.0,1623.0,1717.0,1769.0,1693.0,1712.0,1806.0
1727.0,1248.0,1861.0,1570.0,1623.0,1717.0,1769.0,1693.0,1712.0,1806.0,1026.0
1248.0,1861.0,1570.0,1623.0,1717.0,1769.0,1693.0,1712.0,1806.0,1026.0,5.0
1861.0,1570.0,1623.0,1717.0,1769.0,1693.0,1712.0,1806.0,1026.0,5.0,252.0
1570.0,1623.0,1717.0,1769.0,1693.0,1712.0,1806.0,1026.0,5.0,252.0,1280.0
1623.0,1717.0,1769.0,1693.0,1712.0,1806.0,1026.0,5.0,252.0,1280.0,1377.0
1717.0,1769.0,1693.0,1712.0,1806.0,1026.0,5.0,252.0,1280.0,1377.0,1345.0
1769.0,1693.0,1712.0,1806.0,1026.0,5.0,252.0,1280.0,1377.0,1345.0,1182.0
1693.0,1712.0,1806.0,1026.0,5.0,252.0,1280.0,1377.0,1345.0,1182.0,1175.0
1712.0,1806.0,1026.0,5.0,252.0,1280.0,1377.0,1345.0,1182.0,1175.0,1210.0
1806.0,1026.0,5.0,252.0,1280.0,1377.0,1345.0,1182.0,1175.0,1210.0,1308.0
1026.0,5.0,252.0,1280.0,1377.0,1345.0,1182.0,1175.0,1210.0,1308.0,1158.0
5.0,252.0,1280.0,1377.0,1345.0,1182.0,1175.0,1210.0,1308.0,1158.0,1222.0
252.0,1280.0,1377.0,1345.0,1182.0,1175.0,1210.0,1308.0,1158.0,1222.0,1378.0
1280.0,1377.0,1345.0,1182.0,1175.0,1210.0,1308.0,1158.0,1222.0,1378.0,1503.0
1377.0,1345.0,1182.0,1175.0,1210.0,1308.0,1158.0,1222.0,1378.0,1503.0,1576.0
1345.0,1182.0,1175.0,1210.0,1308.0,1158.0,1222.0,1378.0,1503.0,1576.0,1442.0
1182.0,1175.0,1210.0,1308.0,1158.0,1222.0,1378.0,1503.0,1576.0,1442.0,942.0
1175.0,1210.0,1308.0,1158.0,1222.0,1378.0,1503.0,1576.0,1442.0,942.0,1264.0
1210.0,1308.0,1158.0,1222.0,1378.0,1503.0,1576.0,1442.0,942.0,1264.0,1252.0
1308.0,1158.0,1222.0,1378.0,1503.0,1576.0,1442.0,942.0,1264.0,1252.0,1311.0
1158.0,1222.0,1378.0,1503.0,1576.0,1442.0,942.0,1264.0,1252.0,1311.0,1295.0
1222.0,1378.0,1503.0,1576.0,1442.0,942.0,1264.0,1252.0,1311.0,1295.0,1074.0
1378.0,1503.0,1576.0,1442.0,942.0,1264.0,1252.0,1311.0,1295.0,1074.0,1265.0
1503.0,1576.0,1442.0,942.0,1264.0,1252.0,1311.0,1295.0,1074.0,1265.0,1296.0
1576.0,1442.0,942.0,1264.0,1252.0,1311.0,1295.0,1074.0,1265.0,1296.0,1184.0
1442.0,942.0,1264.0,1252.0,1311.0,1295.0,1074.0,1265.0,1296.0,1184.0,558.0
942.0,1264.0,1252.0,1311.0,1295.0,1074.0,1265.0,1296.0,1184.0,558.0,899.0
1264.0,1252.0,1311.0,1295.0,1074.0,1265.0,1296.0,1184.0,558.0,899.0,524.0
1252.0,1311.0,1295.0,1074.0,1265.0,1296.0,1184.0,558.0,899.0,524.0,558.0
1311.0,1295.0,1074.0,1265.0,1296.0,1184.0,558.0,899.0,524.0,558.0,1170.0
1295.0,1074.0,1265.0,1296.0,1184.0,558.0,899.0,524.0,558.0,1170.0,911.0
1074.0,1265.0,1296.0,1184.0,558.0,899.0,524.0,558.0,1170.0,911.0,1210.0
1265.0,1296.0,1184.0,558.0,899.0,524.0,558.0,1170.0,911.0,1210.0,1224.0
1296.0,1184.0,558.0,899.0,524.0,558.0,1170.0,911.0,1210.0,1224.0,1304.0
1184.0,558.0,899.0,524.0,558.0,1170.0,911.0,1210.0,1224.0,1304.0,1194.0
558.0,899.0,524.0,558.0,1170.0,911.0,1210.0,1224.0,1304.0,1194.0,1069.0
899.0,524.0,558.0,1170.0,911.0,1210.0,1224.0,1304.0,1194.0,1069.0,1434.0
524.0,558.0,1170.0,911.0,1210.0,1224.0,1304.0,1194.0,1069.0,1434.0,1519.0
558.0,1170.0,911.0,1210.0,1224.0,1304.0,1194.0,1069.0,1434.0,1519.0,1318.0
1170.0,911.0,1210.0,1224.0,1304.0,1194.0,1069.0,1434.0,1519.0,1318.0,1236.0
911.0,1210.0,1224.0,1304.0,1194.0,1069.0,1434.0,1519.0,1318.0,1236.0,1152.0
1210.0,1224.0,1304.0,1194.0,1069.0,1434.0,1519.0,1318.0,1236.0,1152.0,1284.0
1224.0,1304.0,1194.0,1069.0,1434.0,1519.0,1318.0,1236.0,1152.0,1284.0,742.0
1304.0,1194.0,1069.0,1434.0,1519.0,1318.0,1236.0,1152.0,1284.0,742.0,1189.0
1194.0,1069.0,1434.0,1519.0,1318.0,1236.0,1152.0,1284.0,742.0,1189.0,1265.0
1069.0,1434.0,1519.0,1318.0,1236.0,1152.0,1284.0,742.0,1189.0,1265.0,1223.0
1434.0,1519.0,1318.0,1236.0,1152.0,1284.0,742.0,1189.0,1265.0,1223.0,1272.0
1519.0,1318.0,1236.0,1152.0,1284.0,742.0,1189.0,1265.0,1223.0,1272.0,1291.0
1318.0,1236.0,1152.0,1284.0,742.0,1189.0,1265.0,1223.0,1272.0,1291.0,1161.0
1236.0,1152.0,1284.0,742.0,1189.0,1265.0,1223.0,1272.0,1291.0,1161.0,871.0
1152.0,1284.0,742.0,1189.0,1265.0,1223.0,1272.0,1291.0,1161.0,871.0,1055.0
1284.0,742.0,1189.0,1265.0,1223.0,1272.0,1291.0,1161.0,871.0,1055.0,1278.0
742.0,1189.0,1265.0,1223.0,1272.0,1291.0,1161.0,871.0,1055.0,1278.0,1211.0
1189.0,1265.0,1223.0,1272.0,1291.0,1161.0,871.0,1055.0,1278.0,1211.0,949.0
1265.0,1223.0,1272.0,1291.0,1161.0,871.0,1055.0,1278.0,1211.0,949.0,833.0
1223.0,1272.0,1291.0,1161.0,871.0,1055.0,1278.0,1211.0,949.0,833.0,402.0
1272.0,1291.0,1161.0,871.0,1055.0,1278.0,1211.0,949.0,833.0,402.0,411.0
1291.0,1161.0,871.0,1055.0,1278.0,1211.0,949.0,833.0,402.0,411.0,212.0
1161.0,871.0,1055.0,1278.0,1211.0,949.0,833.0,402.0,411.0,212.0,233.0
871.0,1055.0,1278.0,1211.0,949.0,833.0,402.0,411.0,212.0,233.0,101.0
1055.0,1278.0,1211.0,949.0,833.0,402.0,411.0,212.0,233.0,101.0,486.0
1278.0,1211.0,949.0,833.0,402.0,411.0,212.0,233.0,101.0,486.0,712.0
1211.0,949.0,833.0,402.0,411.0,212.0,233.0,101.0,486.0,712.0,308.0
949.0,833.0,402.0,411.0,212.0,233.0,101.0,486.0,712.0,308.0,413.0
833.0,402.0,411.0,212.0,233.0,101.0,486.0,712.0,308.0,413.0,628.0
